Skeleton/Structure - Check the box for each file that is included in the folder. Must be in the correct subdirectory.,Code Style - check the applicable boxes,"Reproducibility of report. You don't have to actually run anything, but is it clear to you based on what is in the ""code"" folder how all the figures/results in the report were produced? Would it be easy to reproduce them? If not, discuss why.

(Since I'm not asking you to run anything, I haven't provided any additional items students may have put in their ""data"" folders, but if e.g. the code refers to '../data/some-input-file.csv', pls assume it exists)",How easy would it be for you to use their code to clean the data the same way they did? Is there an easy-to-use function in a separate file?,Readability of report (Was the narrative clear and easy to read? Or did you find it hard to follow? Any grammar mistakes?),Discuss the data cleaning (Was the cleaning described in detail? Were there any inconsistencies in the data that were missed?),Relevance of figures - excluding findings (were the figures relevant and discussed in the report?),Finding 1,Finding 2,Finding 3,Finding 3 Quality (Discuss the quality of the figure),Discuss the reality check (Was the reality check convincing? Was it clearly described?),Discuss the stability check (Was the check relevant to the finding(s)? Did it help to convince you that the finding corresponds to a real phenomenon?)
"code/run.sh, code/environment.yaml, report/lab1.tex, report/lab1.ipynb, or code/lab1.ipynb, code/clean.py, report/lab1.pdf","Sufficient comments are included to understand code., Sufficient docstrings are included to understand APIs and functions., Consistent style is used.","For the most part, this code is easy to reproduce: run.sh has commands to run both the models.py file and the clean.py file. The environment.yaml lists dependencies. I was able to find the code for plotting under models.py under the __main__ function. This plotting code makes more sense to have in either a jupyter notebook / separate function (instead of __main__), but the code is there and reproducible.",Clean.py is easy to use and understand. The functions inside clean.py are all well-named and well-documented with their own docstrings. The user can get a clean dataframe with one line of code and the logic in the main block is easy to follow. ,"The narrative is generally clear, well-structured, and reads well. I did not find any notable grammar mistakes. The report follows a clear outline. The findings sections had clear, specific claims that were easy to follow, and helpful visualizations were also provided. ","The data cleaning was described with reasonable details. This section correctly identifies the missing value codes. The GCS mismatch is described clearly, as is the age discrepancy. There are a few data inconsistencies that were not addressed: for example, when has_vomiting is 1 but the related fields to had_vomiting are inconsistent. ","The non-finding figures are relevant and help motivate the cleaning steps. There are 5 such figures. Figure 1’s four-panel overview (missingness, age distribution, GCS distribution, and outcome distribution) clearly supports the cleaning steps. Figure 2 backs up the discussion of the GCS mismatch and correlation patterns. Figures 3 and 4 align with the age-stratification and selection bias sections, respectively, and Figure 5 supports the GCS 14 vs. 15 comparison. None of the figures felt unhelpful / unneeded. ",3,2,3,"The left panel has hematoma location x vomiting/LOC and their corresponding PosCT rate. The right panel introduces a gender angle. I like the color choices and the ordering in the left panel. Just like the other figure, I think this one would benefit from increasing in size to make the annotations clearer. Also, there is no legend for the colors on the left panel. 

Overall, I really liked this figure. I thought it was very creative and informative. It was very interesting to see that vomiting had no effect on the frontal locations but serious effects on others locations. ","Yes, I found the reality check to be convincing. It cited the published Kuppermann et al. sensitivity figures and noted that the ciTBI rate and PosCT rate fall within expected ranges. ""Typical pediatric ED population"" is a little vague but the check was honest about its limitations. ","The stability check is relevant and well-executed. Excluding children under 2 is a meaningful perturbation as this population is a fairly large percentage of the dataset. All three findings persist after perturbation, and the specific numbers before/after are reported. One limitation of this section is that one of the findings isn't visually recreated with the perturbed data. . Still, this is a solid stability check. "
"code/run.sh, code/environment.yaml, report/lab1.tex, report/lab1.ipynb, or code/lab1.ipynb, code/clean.py, report/lab1.pdf","Sufficient comments are included to understand code., Sufficient docstrings are included to understand APIs and functions., Consistent style is used.",Yes - the figures and results can be found by running the clean.py file and models.py. Small note - many of the EDA figures are in models.py. It'd be nicer if they were separated out into a separate file.,"It would be rather easy to run. There is a function called clean_data within clean.py, so we can reproduce the same dataset.","The report is a little bit difficult to follow. I'm able to understand the narratives from the findings, but the difficulty in reading the report arises from 1) lack of using human-understandable variable names and 2) numbers sprinkled throughout the report make it difficult to keep track of the narrative. It'd be nicer to have any numbers referenced off in another figure or table to be referenced, and that the main content of the report focuses on the findings.",The data cleaning process was described in detail. They described which issues they came across and how they handled them. I don't believe there are any issues that were not handled. They assumed that many variables would be missing and just continued their analysis under this assumption.,"Figure 1 (top left) - general missingness is discussed but the columns with many missing values were not discussed.
Figure 1 (top right, bottom left, bottom right) - distributions are noted as ""key distributions"" but not discussed.

Figure 2 (left) - consistent GCS values were discussed in Section 2.2

Figure 2 (right) - PECARN variable correlations is discussed in section 2.3

Figures 3,4,5 - relevant and discussed in EDA portion",2,3,3,"Left figure - x-axis seems to have a lot of information conveyed. The variables could be broken up by using a line plot with different colors = different location, x-axis being neither/one symptom/both, and the y-axis as is to better show this.","The reality check compares the data of this analysis with some statistics found in the Kuppermann paper. It is convincing and clearly described, but what they are comparing is not really interesting, since these are some basic statistics that emerge from the dataset.","The stability check shows that the results found in findings 1-3 are also true when you narrow your dataset to just children aged 2+. So, their findings are stable in the sense that they show that age group doesn't affect their findings, but even so, this stability check seems rather weak because it doesn't provide further evidence of their findings."
