variable,n_missing,pct_missing
SFxPalpDepress,43230,99.61059010576281
SFxBasHem,43003,99.08753657918385
SFxBasPer,43003,99.08753657918385
SFxBasRhi,43003,99.08753657918385
SFxBasRet,43003,99.08753657918385
SFxBasOto,43003,99.08753657918385
SeizLen,42913,98.88015852899836
SeizOccur,42867,98.774165303348
CTSedAgitate,42745,98.49305283531878
CTSedAge,42745,98.49305283531878
CTSedRqst,42745,98.49305283531878
CTSedOth,42745,98.49305283531878
NeuroDMotor,42711,98.41471001635982
NeuroDOth,42711,98.41471001635982
NeuroDReflex,42711,98.41471001635982
NeuroDCranial,42711,98.41471001635982
NeuroDSensory,42711,98.41471001635982
LocLen,39113,90.12419641005553
OSIFlank,38832,89.47671605336528
OSICut,38832,89.47671605336528
OSIAbdomen,38832,89.47671605336528
OSIPelvis,38832,89.47671605336528
OSIOth,38832,89.47671605336528
OSICspine,38832,89.47671605336528
OSIExtremity,38832,89.47671605336528
VomitLast,38587,88.91218691674923
VomitStart,38008,87.57805479388927
VomitNbr,37892,87.31076752920575
AMSAgitated,36934,85.1033433950091
AMSSleep,36934,85.1033433950091
AMSSlow,36934,85.1033433950091
AMSRepeat,36934,85.1033433950091
AMSOth,36934,85.1033433950091
HAStart,31925,73.56160280190788
HASeverity,31637,72.89799304131431
Finding5,27500,63.36551533445471
Finding4,27500,63.36551533445471
Finding2,27500,63.36551533445471
Finding3,27500,63.36551533445471
Finding7,27500,63.36551533445471
